{
  "labels": [
    "NORM",
    "MI",
    "STTC",
    "CD",
    "HYP"
  ],
  "scaler": {
    "mean": [
      59.42509030445502,
      0.4780115819047073,
      22.994968073486046,
      1.0
    ],
    "scale": [
      17.165071046685807,
      0.4995162754802557,
      2.982257892979243,
      1.0
    ]
  },
  "metadata": {
    "sampling_rate": 500,
    "sequence_length": 5000,
    "leads": 12
  }
}